{	"Primary parameters at reference temperature (20 deg. C)" : {		"symbol" : [			"value",			"units",			"description"		],		"T_A" : [			"10000",			"K",			"Arrhenius temperature"		],		"p_Am" : [			"43.0629",			"J/d.cm^2",			"{p_Am}, spec assimilation flux"		],		"F_m" : [			"6.5",			"l/d.cm^2",			"{F_m}, max spec searching rate"		],		"kap_X" : [			"0.8",			"-",			"digestion efficiency of food to reserve"		],		"kap_P" : [			"0.1",			"-",			"faecation efficiency of food to faeces"		],		"v" : [			"0.018066",			"cm/d",			"energy conductance"		],		"kap" : [			"0.88685",			"-",			"allocation fraction to soma"		],		"kap_R" : [			"0.95",			"-",			"reproduction efficiency"		],		"p_M" : [			"338.417",			"J/d.cm^3",			"[p_M], vol-spec somatic maint"		],		"p_T" : [			"0",			"J/d.cm^2",			"{p_T}, surf-spec somatic maint"		],		"k_J" : [			"0.002",			"1/d",			"maturity maint rate coefficient"		],		"E_G" : [			"4446.22",			"J/cm^3",			"[E_G], spec cost for structure"		],		"E_Hb" : [			"0.06315",			"J",			"maturity at birth"		],		"E_Hj" : [			"2.108",			"J",			"maturity at metam"		],		"E_Hp" : [			"2.109",			"J",			"maturity at puberty"		],		"h_a" : [			"3.212e-06",			"1/d^2",			"Weibull aging acceleration"		],		"s_G" : [			"0.0001",			"-",			"Gompertz stress coefficient"		]	},	"Parameters specific for this entry at reference temperature (20 deg. C)" : {		"symbol" : [			"value",			"units",			"description"		],		"Lw2_0" : [			"0.53465",			"cm",			"initial  length for tL2 data"		],		"Lw3_0" : [			"0.54494",			"cm",			"initial  length for tL3 data"		],		"Lw4_0" : [			"0.5471",			"cm",			"initial  length for tL4 data"		],		"Lw5_0" : [			"0.37268",			"cm",			"initial  length for tL5 data"		],		"Lw6_0" : [			"0.39725",			"cm",			"initial  length for tL6 data"		],		"Lw7_0" : [			"0.40858",			"cm",			"initial  length for tL7 data"		],		"del_M" : [			"0.23453",			"-",			"shape coefficient"		],		"f" : [			"1",			"-",			"scaled functional response for 0-var data"		],		"t_0" : [			"0",			"d",			"time at start development"		],		"z_m" : [			"0.13048",			"-",			"zoom factor for male"		]	},	"Temperature parameters" : {		"symbol" : [			"value",			"units",			"description"		],		"T_A" : [			"10000",			"K",			"Arrhenius temperature"		],		"T_ref" : [			"293.15",			"K",			"Reference temperature"		]	},	"Chemical parameters" : {		"" : [			"Food",			"Structure",			"Reserve",			"Faeces"		],		"Chemical potentials (J/C-mol)" : [			"525000",			"500000",			"550000",			"480000"		],		"Specific density for dry weight (g/cm^3)" : [			"0.17",			"0.17",			"0.17",			"0.17"		]	}}